{
	"aabb_nav": {
		"max": {
			"x": 4167.49951171875,
			"y": -1483.77124023438,
			"z": 5167.5
		},
		"min": {
			"x": 4032.49951171875,
			"y": -1523.6396484375,
			"z": 5032.08203125
		}
	},
	"center_nav": {
		"x": 4094.32690429688,
		"y": -1496.14904785156,
		"z": 5097.56787109375
	},
	"center_source": {
		"x": 1097.56799316406,
		"y": -1496.14904785156,
		"z": -94.3270034790039
	},
	"id": 23,
	"path": "res://Godot/Terrain/GeneratedIndoorNavMeshes/cluster_23.res",
	"polygon_count": 8515,
	"pre_lb": false,
	"radius": 113.6,
	"walkable_tris": 9808
}