{
	"aabb_nav": {
		"max": {
			"x": 737.500244140625,
			"y": -1693.84375,
			"z": 1152.50024414063
		},
		"min": {
			"x": 632.49365234375,
			"y": -1713.64953613281,
			"z": 1032.49975585938
		}
	},
	"center_nav": {
		"x": 688.000244140625,
		"y": -1699.2060546875,
		"z": 1089.99975585938
	},
	"center_source": {
		"x": -2910.0,
		"y": -1699.2060546875,
		"z": 3312.0
	},
	"id": 73,
	"path": "res://Godot/Terrain/GeneratedIndoorNavMeshes/cluster_73.res",
	"polygon_count": 2918,
	"pre_lb": false,
	"radius": 100.1,
	"walkable_tris": 7507
}