{
	"aabb_nav": {
		"max": {
			"x": 752.5,
			"y": -1695.62390136719,
			"z": 2182.5
		},
		"min": {
			"x": 617.077880859375,
			"y": -1703.650390625,
			"z": 2032.49987792969
		}
	},
	"center_nav": {
		"x": 681.25,
		"y": -1698.65002441406,
		"z": 2109.69580078125
	},
	"center_source": {
		"x": -1890.30395507813,
		"y": -1698.65002441406,
		"z": 3318.75
	},
	"id": 32,
	"path": "res://Godot/Terrain/GeneratedIndoorNavMeshes/cluster_32.res",
	"polygon_count": 3015,
	"pre_lb": false,
	"radius": 116.9,
	"walkable_tris": 32125
}