{
	"aabb_nav": {
		"max": {
			"x": 4167.5,
			"y": -1485.64978027344,
			"z": 967.5
		},
		"min": {
			"x": 4032.078125,
			"y": -1513.6396484375,
			"z": 832.47412109375
		}
	},
	"center_nav": {
		"x": 4099.38134765625,
		"y": -1496.28405761719,
		"z": 899.7880859375
	},
	"center_source": {
		"x": -3100.2119140625,
		"y": -1496.28405761719,
		"z": -99.3809967041016
	},
	"id": 24,
	"path": "res://Godot/Terrain/GeneratedIndoorNavMeshes/cluster_24.res",
	"polygon_count": 5072,
	"pre_lb": false,
	"radius": 116.9,
	"walkable_tris": 29816
}