{
	"aabb_nav": {
		"max": {
			"x": 797.499755859375,
			"y": -1693.94372558594,
			"z": 307.50634765625
		},
		"min": {
			"x": 677.500244140625,
			"y": -1713.64953613281,
			"z": 202.499755859375
		}
	},
	"center_nav": {
		"x": 733.5283203125,
		"y": -1698.91394042969,
		"z": 253.420654296875
	},
	"center_source": {
		"x": -3746.5791015625,
		"y": -1698.91394042969,
		"z": 3266.47192382813
	},
	"id": 78,
	"path": "res://Godot/Terrain/GeneratedIndoorNavMeshes/cluster_78.res",
	"polygon_count": 2148,
	"pre_lb": false,
	"radius": 95.9,
	"walkable_tris": 5965
}