{
	"aabb_nav": {
		"max": {
			"x": 5109.853515625,
			"y": -1088.91943359375,
			"z": 4911.81005859375
		},
		"min": {
			"x": 5072.8037109375,
			"y": -1107.04821777344,
			"z": 4871.6416015625
		}
	},
	"center_nav": {
		"x": 5093.5908203125,
		"y": -1098.56005859375,
		"z": 4893.22021484375
	},
	"center_source": {
		"x": 893.219970703125,
		"y": -1098.56005859375,
		"z": -1093.59094238281
	},
	"id": 116,
	"path": "res://Godot/Terrain/GeneratedIndoorNavMeshes/cluster_116.res",
	"polygon_count": 607,
	"pre_lb": true,
	"radius": 48.1,
	"walkable_tris": 2260
}