{
	"aabb_nav": {
		"max": {
			"x": 4167.50048828125,
			"y": -1456.1748046875,
			"z": 1382.49975585938
		},
		"min": {
			"x": 4032.5,
			"y": -1513.65026855469,
			"z": 1217.07788085938
		}
	},
	"center_nav": {
		"x": 4101.39306640625,
		"y": -1495.69396972656,
		"z": 1297.0400390625
	},
	"center_source": {
		"x": -2702.9599609375,
		"y": -1495.69396972656,
		"z": -101.392997741699
	},
	"id": 10,
	"path": "res://Godot/Terrain/GeneratedIndoorNavMeshes/cluster_10.res",
	"polygon_count": 7608,
	"pre_lb": false,
	"radius": 117.6,
	"walkable_tris": 22785
}