{
	"aabb_nav": {
		"max": {
			"x": 5110.2646484375,
			"y": -1085.40319824219,
			"z": 4745.0966796875
		},
		"min": {
			"x": 5057.99609375,
			"y": -1102.11511230469,
			"z": 4690.03955078125
		}
	},
	"center_nav": {
		"x": 5078.8037109375,
		"y": -1095.42395019531,
		"z": 4711.8701171875
	},
	"center_source": {
		"x": 711.869995117188,
		"y": -1095.42395019531,
		"z": -1078.80395507813
	},
	"id": 97,
	"path": "res://Godot/Terrain/GeneratedIndoorNavMeshes/cluster_97.res",
	"polygon_count": 810,
	"pre_lb": true,
	"radius": 59.2,
	"walkable_tris": 2694
}