{
	"aabb_nav": {
		"max": {
			"x": 149.10693359375,
			"y": -1085.49206542969,
			"z": 1538.56909179688
		},
		"min": {
			"x": 83.375244140625,
			"y": -1100.80358886719,
			"z": 1487.23583984375
		}
	},
	"center_nav": {
		"x": 110.51708984375,
		"y": -1093.57104492188,
		"z": 1508.6357421875
	},
	"center_source": {
		"x": -2491.36401367188,
		"y": -1093.57104492188,
		"z": 3889.48291015625
	},
	"id": 85,
	"path": "res://Godot/Terrain/GeneratedIndoorNavMeshes/cluster_85.res",
	"polygon_count": 894,
	"pre_lb": true,
	"radius": 62.9,
	"walkable_tris": 2860
}