{
	"aabb_nav": {
		"max": {
			"x": 5118.0322265625,
			"y": -1083.12939453125,
			"z": 5333.7470703125
		},
		"min": {
			"x": 5073.81396484375,
			"y": -1105.2958984375,
			"z": 5292.77734375
		}
	},
	"center_nav": {
		"x": 5096.40185546875,
		"y": -1095.2939453125,
		"z": 5315.0400390625
	},
	"center_source": {
		"x": 1315.0400390625,
		"y": -1095.2939453125,
		"z": -1096.40197753906
	},
	"id": 90,
	"path": "res://Godot/Terrain/GeneratedIndoorNavMeshes/cluster_90.res",
	"polygon_count": 809,
	"pre_lb": true,
	"radius": 49.0,
	"walkable_tris": 2608
}