{
	"aabb_nav": {
		"max": {
			"x": 4182.5,
			"y": -1483.6787109375,
			"z": 782.5
		},
		"min": {
			"x": 4017.50024414063,
			"y": -1513.6396484375,
			"z": 617.5
		}
	},
	"center_nav": {
		"x": 4100.34912109375,
		"y": -1496.55297851563,
		"z": 704.364990234375
	},
	"center_source": {
		"x": -3295.63500976563,
		"y": -1496.55297851563,
		"z": -100.348999023438
	},
	"id": 9,
	"path": "res://Godot/Terrain/GeneratedIndoorNavMeshes/cluster_9.res",
	"polygon_count": 8177,
	"pre_lb": false,
	"radius": 130.3,
	"walkable_tris": 21102
}