{
	"aabb_nav": {
		"max": {
			"x": 4167.49951171875,
			"y": -1483.77124023438,
			"z": 4567.5
		},
		"min": {
			"x": 4032.49951171875,
			"y": -1523.6396484375,
			"z": 4432.08203125
		}
	},
	"center_nav": {
		"x": 4094.7919921875,
		"y": -1495.86901855469,
		"z": 4496.875
	},
	"center_source": {
		"x": 496.875,
		"y": -1495.86901855469,
		"z": -94.7919998168945
	},
	"id": 26,
	"path": "res://Godot/Terrain/GeneratedIndoorNavMeshes/cluster_26.res",
	"polygon_count": 8438,
	"pre_lb": false,
	"radius": 114.5,
	"walkable_tris": 10616
}