{
	"aabb_nav": {
		"max": {
			"x": 5109.4521484375,
			"y": -1086.56860351563,
			"z": 1515.29321289063
		},
		"min": {
			"x": 5043.1708984375,
			"y": -1107.64501953125,
			"z": 1469.33251953125
		}
	},
	"center_nav": {
		"x": 5072.818359375,
		"y": -1097.98596191406,
		"z": 1490.14599609375
	},
	"center_source": {
		"x": -2509.85400390625,
		"y": -1097.98596191406,
		"z": -1072.81799316406
	},
	"id": 101,
	"path": "res://Godot/Terrain/GeneratedIndoorNavMeshes/cluster_101.res",
	"polygon_count": 943,
	"pre_lb": true,
	"radius": 61.8,
	"walkable_tris": 3159
}