{
	"aabb_nav": {
		"max": {
			"x": 4182.5,
			"y": -1495.64978027344,
			"z": 2782.92163085938
		},
		"min": {
			"x": 4017.5,
			"y": -1503.650390625,
			"z": 2632.5
		}
	},
	"center_nav": {
		"x": 4103.38818359375,
		"y": -1498.65002441406,
		"z": 2704.13916015625
	},
	"center_source": {
		"x": -1295.86096191406,
		"y": -1498.65002441406,
		"z": -103.388000488281
	},
	"id": 13,
	"path": "res://Godot/Terrain/GeneratedIndoorNavMeshes/cluster_13.res",
	"polygon_count": 3551,
	"pre_lb": false,
	"radius": 120.9,
	"walkable_tris": 37853
}