{
	"aabb_nav": {
		"max": {
			"x": 5111.26318359375,
			"y": -1085.40319824219,
			"z": 735.3291015625
		},
		"min": {
			"x": 5056.87841796875,
			"y": -1101.34851074219,
			"z": 688.8310546875
		}
	},
	"center_nav": {
		"x": 5081.365234375,
		"y": -1095.58605957031,
		"z": 715.701904296875
	},
	"center_source": {
		"x": -3284.29809570313,
		"y": -1095.58605957031,
		"z": -1081.36499023438
	},
	"id": 114,
	"path": "res://Godot/Terrain/GeneratedIndoorNavMeshes/cluster_114.res",
	"polygon_count": 767,
	"pre_lb": true,
	"radius": 59.9,
	"walkable_tris": 2598
}