{
	"aabb_nav": {
		"max": {
			"x": 4182.92236328125,
			"y": -1485.64978027344,
			"z": 582.5
		},
		"min": {
			"x": 4032.50024414063,
			"y": -1503.650390625,
			"z": 417.50048828125
		}
	},
	"center_nav": {
		"x": 4105.8203125,
		"y": -1495.15002441406,
		"z": 499.26611328125
	},
	"center_source": {
		"x": -3500.73388671875,
		"y": -1495.15002441406,
		"z": -105.819999694824
	},
	"id": 16,
	"path": "res://Godot/Terrain/GeneratedIndoorNavMeshes/cluster_16.res",
	"polygon_count": 3423,
	"pre_lb": false,
	"radius": 123.3,
	"walkable_tris": 36806
}