{
	"aabb_nav": {
		"max": {
			"x": 737.5,
			"y": -1693.84375,
			"z": 3752.50024414063
		},
		"min": {
			"x": 632.493408203125,
			"y": -1713.64953613281,
			"z": 3632.49975585938
		}
	},
	"center_nav": {
		"x": 688.0,
		"y": -1699.2060546875,
		"z": 3689.99975585938
	},
	"center_source": {
		"x": -310.0,
		"y": -1699.2060546875,
		"z": 3312.0
	},
	"id": 74,
	"path": "res://Godot/Terrain/GeneratedIndoorNavMeshes/cluster_74.res",
	"polygon_count": 2929,
	"pre_lb": false,
	"radius": 100.1,
	"walkable_tris": 7507
}