{
	"aabb_nav": {
		"max": {
			"x": 2182.92236328125,
			"y": -1285.64978027344,
			"z": 197.49951171875
		},
		"min": {
			"x": 2032.50012207031,
			"y": -1313.650390625,
			"z": 17.077880859375
		}
	},
	"center_nav": {
		"x": 2107.13525390625,
		"y": -1300.21105957031,
		"z": 103.51611328125
	},
	"center_source": {
		"x": -3896.48388671875,
		"y": -1300.21105957031,
		"z": 1892.86499023438
	},
	"id": 41,
	"path": "res://Godot/Terrain/GeneratedIndoorNavMeshes/cluster_41.res",
	"polygon_count": 3011,
	"pre_lb": false,
	"radius": 124.8,
	"walkable_tris": 31759
}