{
	"aabb_nav": {
		"max": {
			"x": 111.419677734375,
			"y": -1093.64697265625,
			"z": 912.593994140625
		},
		"min": {
			"x": 92.3505859375,
			"y": -1100.06359863281,
			"z": 897.7080078125
		}
	},
	"center_nav": {
		"x": 101.371337890625,
		"y": -1096.84997558594,
		"z": 903.724853515625
	},
	"center_source": {
		"x": -3096.27490234375,
		"y": -1096.84997558594,
		"z": 3898.62890625
	},
	"id": 129,
	"path": "res://Godot/Terrain/GeneratedIndoorNavMeshes/cluster_129.res",
	"polygon_count": 137,
	"pre_lb": false,
	"radius": 40.0,
	"walkable_tris": 2133
}