{
	"aabb_nav": {
		"max": {
			"x": 2196.5,
			"y": -1266.25903320313,
			"z": 597.5
		},
		"min": {
			"x": 2001.50012207031,
			"y": -1313.6396484375,
			"z": 402.5
		}
	},
	"center_nav": {
		"x": 2098.13427734375,
		"y": -1291.6669921875,
		"z": 500.14697265625
	},
	"center_source": {
		"x": -3499.85302734375,
		"y": -1291.6669921875,
		"z": 1901.86596679688
	},
	"id": 2,
	"path": "res://Godot/Terrain/GeneratedIndoorNavMeshes/cluster_2.res",
	"polygon_count": 23671,
	"pre_lb": false,
	"radius": 159.1,
	"walkable_tris": 28986
}