{
	"aabb_nav": {
		"max": {
			"x": 4152.49853515625,
			"y": -1494.84704589844,
			"z": 1767.49926757813
		},
		"min": {
			"x": 4032.5,
			"y": -1503.65124511719,
			"z": 1632.50073242188
		}
	},
	"center_nav": {
		"x": 4085.79809570313,
		"y": -1498.25,
		"z": 1700.79809570313
	},
	"center_source": {
		"x": -2299.20190429688,
		"y": -1498.25,
		"z": -85.7979965209961
	},
	"id": 72,
	"path": "res://Godot/Terrain/GeneratedIndoorNavMeshes/cluster_72.res",
	"polygon_count": 6150,
	"pre_lb": false,
	"radius": 105.6,
	"walkable_tris": 22369
}