{
	"aabb_nav": {
		"max": {
			"x": 4182.49951171875,
			"y": -1495.64978027344,
			"z": 2982.5
		},
		"min": {
			"x": 4032.07788085938,
			"y": -1503.650390625,
			"z": 2832.5
		}
	},
	"center_nav": {
		"x": 4100.205078125,
		"y": -1498.65002441406,
		"z": 2903.21704101563
	},
	"center_source": {
		"x": -1096.78295898438,
		"y": -1498.65002441406,
		"z": -100.205001831055
	},
	"id": 21,
	"path": "res://Godot/Terrain/GeneratedIndoorNavMeshes/cluster_21.res",
	"polygon_count": 3554,
	"pre_lb": false,
	"radius": 118.0,
	"walkable_tris": 34191
}