{
	"aabb_nav": {
		"max": {
			"x": 2197.5,
			"y": -1295.64978027344,
			"z": 797.5
		},
		"min": {
			"x": 2017.50012207031,
			"y": -1333.64953613281,
			"z": 602.5
		}
	},
	"center_nav": {
		"x": 2101.2451171875,
		"y": -1306.80798339844,
		"z": 702.485107421875
	},
	"center_source": {
		"x": -3297.51489257813,
		"y": -1306.80798339844,
		"z": 1898.75500488281
	},
	"id": 3,
	"path": "res://Godot/Terrain/GeneratedIndoorNavMeshes/cluster_3.res",
	"polygon_count": 16868,
	"pre_lb": false,
	"radius": 159.0,
	"walkable_tris": 54974
}