{
	"aabb_nav": {
		"max": {
			"x": 5145.73046875,
			"y": -1085.49206542969,
			"z": 5737.796875
		},
		"min": {
			"x": 5085.76416015625,
			"y": -1100.13171386719,
			"z": 5691.3916015625
		}
	},
	"center_nav": {
		"x": 5115.2021484375,
		"y": -1093.49597167969,
		"z": 5711.19482421875
	},
	"center_source": {
		"x": 1711.19494628906,
		"y": -1093.49597167969,
		"z": -1115.20202636719
	},
	"id": 108,
	"path": "res://Godot/Terrain/GeneratedIndoorNavMeshes/cluster_108.res",
	"polygon_count": 927,
	"pre_lb": true,
	"radius": 62.1,
	"walkable_tris": 2931
}