{
	"aabb_nav": {
		"max": {
			"x": 752.5,
			"y": -1695.62390136719,
			"z": 3582.49975585938
		},
		"min": {
			"x": 617.077880859375,
			"y": -1703.650390625,
			"z": 3432.5
		}
	},
	"center_nav": {
		"x": 681.25,
		"y": -1698.65002441406,
		"z": 3509.69580078125
	},
	"center_source": {
		"x": -490.303985595703,
		"y": -1698.65002441406,
		"z": 3318.75
	},
	"id": 33,
	"path": "res://Godot/Terrain/GeneratedIndoorNavMeshes/cluster_33.res",
	"polygon_count": 2976,
	"pre_lb": false,
	"radius": 116.9,
	"walkable_tris": 32125
}