{
	"aabb_nav": {
		"max": {
			"x": 567.49951171875,
			"y": -1683.77124023438,
			"z": 6167.5
		},
		"min": {
			"x": 432.49951171875,
			"y": -1723.6396484375,
			"z": 6032.08203125
		}
	},
	"center_nav": {
		"x": 497.14306640625,
		"y": -1695.78894042969,
		"z": 6091.90771484375
	},
	"center_source": {
		"x": 2091.90795898438,
		"y": -1695.78894042969,
		"z": 3502.85693359375
	},
	"id": 46,
	"path": "res://Godot/Terrain/GeneratedIndoorNavMeshes/cluster_46.res",
	"polygon_count": 7002,
	"pre_lb": false,
	"radius": 108.1,
	"walkable_tris": 9440
}