{
	"aabb_nav": {
		"max": {
			"x": 104.7958984375,
			"y": -1097.11853027344,
			"z": 2303.57763671875
		},
		"min": {
			"x": 90.500732421875,
			"y": -1102.80786132813,
			"z": 2296.28588867188
		}
	},
	"center_nav": {
		"x": 97.6689453125,
		"y": -1099.4990234375,
		"z": 2300.0
	},
	"center_source": {
		"x": -1700.0,
		"y": -1099.4990234375,
		"z": 3902.3310546875
	},
	"id": 125,
	"path": "res://Godot/Terrain/GeneratedIndoorNavMeshes/cluster_125.res",
	"polygon_count": 47,
	"pre_lb": false,
	"radius": 40.0,
	"walkable_tris": 2025
}