{
	"aabb_nav": {
		"max": {
			"x": 107.900146484375,
			"y": -1093.64111328125,
			"z": 304.80078125
		},
		"min": {
			"x": 96.50048828125,
			"y": -1100.05078125,
			"z": 287.399169921875
		}
	},
	"center_nav": {
		"x": 102.2001953125,
		"y": -1096.84594726563,
		"z": 296.69970703125
	},
	"center_source": {
		"x": -3703.30004882813,
		"y": -1096.84594726563,
		"z": 3897.80004882813
	},
	"id": 128,
	"path": "res://Godot/Terrain/GeneratedIndoorNavMeshes/cluster_128.res",
	"polygon_count": 114,
	"pre_lb": false,
	"radius": 40.0,
	"walkable_tris": 1677
}