{
	"aabb_nav": {
		"max": {
			"x": 4167.5,
			"y": -1493.73742675781,
			"z": 3767.5
		},
		"min": {
			"x": 4032.5,
			"y": -1513.6396484375,
			"z": 3632.08227539063
		}
	},
	"center_nav": {
		"x": 4096.5908203125,
		"y": -1498.87097167969,
		"z": 3700.67895507813
	},
	"center_source": {
		"x": -299.321014404297,
		"y": -1498.87097167969,
		"z": -96.5910034179688
	},
	"id": 36,
	"path": "res://Godot/Terrain/GeneratedIndoorNavMeshes/cluster_36.res",
	"polygon_count": 7711,
	"pre_lb": false,
	"radius": 114.0,
	"walkable_tris": 10648
}