{
	"aabb_nav": {
		"max": {
			"x": 103.71435546875,
			"y": -1097.11853027344,
			"z": 1104.79565429688
		},
		"min": {
			"x": 96.422607421875,
			"y": -1102.80786132813,
			"z": 1090.50048828125
		}
	},
	"center_nav": {
		"x": 100.000244140625,
		"y": -1099.4990234375,
		"z": 1097.66870117188
	},
	"center_source": {
		"x": -2902.3310546875,
		"y": -1099.4990234375,
		"z": 3900.0
	},
	"id": 130,
	"path": "res://Godot/Terrain/GeneratedIndoorNavMeshes/cluster_130.res",
	"polygon_count": 48,
	"pre_lb": false,
	"radius": 40.0,
	"walkable_tris": 2025
}