{
	"aabb_nav": {
		"max": {
			"x": 5118.37548828125,
			"y": -1085.40319824219,
			"z": 1737.09912109375
		},
		"min": {
			"x": 5077.0380859375,
			"y": -1101.8740234375,
			"z": 1689.7353515625
		}
	},
	"center_nav": {
		"x": 5095.72216796875,
		"y": -1093.90405273438,
		"z": 1709.5859375
	},
	"center_source": {
		"x": -2290.4140625,
		"y": -1093.90405273438,
		"z": -1095.72204589844
	},
	"id": 110,
	"path": "res://Godot/Terrain/GeneratedIndoorNavMeshes/cluster_110.res",
	"polygon_count": 827,
	"pre_lb": true,
	"radius": 52.7,
	"walkable_tris": 3035
}