{
	"aabb_nav": {
		"max": {
			"x": 767.514404296875,
			"y": -1684.5556640625,
			"z": 4367.5
		},
		"min": {
			"x": 632.485595703125,
			"y": -1713.65026855469,
			"z": 4232.4853515625
		}
	},
	"center_nav": {
		"x": 699.445068359375,
		"y": -1699.29797363281,
		"z": 4300.85107421875
	},
	"center_source": {
		"x": 300.851013183594,
		"y": -1699.29797363281,
		"z": 3300.55493164063
	},
	"id": 55,
	"path": "res://Godot/Terrain/GeneratedIndoorNavMeshes/cluster_55.res",
	"polygon_count": 3694,
	"pre_lb": false,
	"radius": 116.6,
	"walkable_tris": 9384
}