{
	"aabb_nav": {
		"max": {
			"x": 4182.5,
			"y": -1495.64978027344,
			"z": 6552.5
		},
		"min": {
			"x": 4002.5,
			"y": -1503.65026855469,
			"z": 6447.078125
		}
	},
	"center_nav": {
		"x": 4082.78686523438,
		"y": -1498.65002441406,
		"z": 6499.9931640625
	},
	"center_source": {
		"x": 2499.99291992188,
		"y": -1498.65002441406,
		"z": -82.7870025634766
	},
	"id": 58,
	"path": "res://Godot/Terrain/GeneratedIndoorNavMeshes/cluster_58.res",
	"polygon_count": 2149,
	"pre_lb": false,
	"radius": 126.7,
	"walkable_tris": 21885
}