{
	"aabb_nav": {
		"max": {
			"x": 707.49951171875,
			"y": -1695.64978027344,
			"z": 2982.5
		},
		"min": {
			"x": 602.5,
			"y": -1703.650390625,
			"z": 2862.5
		}
	},
	"center_nav": {
		"x": 640.008056640625,
		"y": -1698.65002441406,
		"z": 2915.509765625
	},
	"center_source": {
		"x": -1084.48999023438,
		"y": -1698.65002441406,
		"z": 3359.99194335938
	},
	"id": 91,
	"path": "res://Godot/Terrain/GeneratedIndoorNavMeshes/cluster_91.res",
	"polygon_count": 1250,
	"pre_lb": false,
	"radius": 96.9,
	"walkable_tris": 13346
}