{
	"aabb_nav": {
		"max": {
			"x": 5109.85302734375,
			"y": -1088.91943359375,
			"z": 5511.81005859375
		},
		"min": {
			"x": 5072.8037109375,
			"y": -1107.04821777344,
			"z": 5471.6416015625
		}
	},
	"center_nav": {
		"x": 5093.5908203125,
		"y": -1098.56005859375,
		"z": 5493.2197265625
	},
	"center_source": {
		"x": 1493.21997070313,
		"y": -1098.56005859375,
		"z": -1093.59094238281
	},
	"id": 117,
	"path": "res://Godot/Terrain/GeneratedIndoorNavMeshes/cluster_117.res",
	"polygon_count": 607,
	"pre_lb": true,
	"radius": 48.1,
	"walkable_tris": 2260
}