{
	"aabb_nav": {
		"max": {
			"x": 4167.5,
			"y": -1493.77124023438,
			"z": 4167.5
		},
		"min": {
			"x": 4032.5,
			"y": -1513.6396484375,
			"z": 4032.5
		}
	},
	"center_nav": {
		"x": 4098.94677734375,
		"y": -1498.78796386719,
		"z": 4100.6337890625
	},
	"center_source": {
		"x": 100.634002685547,
		"y": -1498.78796386719,
		"z": -98.9469985961914
	},
	"id": 29,
	"path": "res://Godot/Terrain/GeneratedIndoorNavMeshes/cluster_29.res",
	"polygon_count": 8241,
	"pre_lb": false,
	"radius": 115.9,
	"walkable_tris": 10493
}