{
	"aabb_nav": {
		"max": {
			"x": 5130.3251953125,
			"y": -1081.14318847656,
			"z": 2726.17529296875
		},
		"min": {
			"x": 5082.82861328125,
			"y": -1097.451171875,
			"z": 2672.78930664063
		}
	},
	"center_nav": {
		"x": 5104.955078125,
		"y": -1089.66101074219,
		"z": 2696.39208984375
	},
	"center_source": {
		"x": -1303.60803222656,
		"y": -1089.66101074219,
		"z": -1104.95495605469
	},
	"id": 81,
	"path": "res://Godot/Terrain/GeneratedIndoorNavMeshes/cluster_81.res",
	"polygon_count": 874,
	"pre_lb": true,
	"radius": 56.7,
	"walkable_tris": 2894
}