{
	"aabb_nav": {
		"max": {
			"x": 767.506591796875,
			"y": -1693.94372558594,
			"z": 2367.5
		},
		"min": {
			"x": 632.5,
			"y": -1713.64953613281,
			"z": 2232.5
		}
	},
	"center_nav": {
		"x": 695.861083984375,
		"y": -1698.96899414063,
		"z": 2302.552734375
	},
	"center_source": {
		"x": -1697.44702148438,
		"y": -1698.96899414063,
		"z": 3304.13891601563
	},
	"id": 70,
	"path": "res://Godot/Terrain/GeneratedIndoorNavMeshes/cluster_70.res",
	"polygon_count": 3036,
	"pre_lb": false,
	"radius": 116.8,
	"walkable_tris": 7604
}