{
	"aabb_nav": {
		"max": {
			"x": 5145.73046875,
			"y": -1085.49206542969,
			"z": 3137.79663085938
		},
		"min": {
			"x": 5085.76416015625,
			"y": -1100.13171386719,
			"z": 3091.3916015625
		}
	},
	"center_nav": {
		"x": 5115.2021484375,
		"y": -1093.49597167969,
		"z": 3111.19506835938
	},
	"center_source": {
		"x": -888.804992675781,
		"y": -1093.49597167969,
		"z": -1115.20202636719
	},
	"id": 105,
	"path": "res://Godot/Terrain/GeneratedIndoorNavMeshes/cluster_105.res",
	"polygon_count": 926,
	"pre_lb": true,
	"radius": 62.1,
	"walkable_tris": 2931
}