{
	"aabb_nav": {
		"max": {
			"x": 5126.06591796875,
			"y": -1085.59521484375,
			"z": 2518.3671875
		},
		"min": {
			"x": 5069.7666015625,
			"y": -1103.66760253906,
			"z": 2477.1474609375
		}
	},
	"center_nav": {
		"x": 5097.56494140625,
		"y": -1096.25,
		"z": 2495.40698242188
	},
	"center_source": {
		"x": -1504.59301757813,
		"y": -1096.25,
		"z": -1097.56494140625
	},
	"id": 76,
	"path": "res://Godot/Terrain/GeneratedIndoorNavMeshes/cluster_76.res",
	"polygon_count": 944,
	"pre_lb": true,
	"radius": 52.8,
	"walkable_tris": 3485
}