{
	"aabb_nav": {
		"max": {
			"x": 722.500244140625,
			"y": -1693.84375,
			"z": 167.499755859375
		},
		"min": {
			"x": 602.500244140625,
			"y": -1713.64953613281,
			"z": 62.499755859375
		}
	},
	"center_nav": {
		"x": 665.833251953125,
		"y": -1699.2060546875,
		"z": 109.999755859375
	},
	"center_source": {
		"x": -3890.0,
		"y": -1699.2060546875,
		"z": 3334.1669921875
	},
	"id": 80,
	"path": "res://Godot/Terrain/GeneratedIndoorNavMeshes/cluster_80.res",
	"polygon_count": 2844,
	"pre_lb": false,
	"radius": 91.4,
	"walkable_tris": 7016
}