{
	"aabb_nav": {
		"max": {
			"x": 4167.5,
			"y": -1493.77124023438,
			"z": 3967.91772460938
		},
		"min": {
			"x": 4032.5,
			"y": -1513.6396484375,
			"z": 3832.5
		}
	},
	"center_nav": {
		"x": 4101.22216796875,
		"y": -1498.80505371094,
		"z": 3900.48291015625
	},
	"center_source": {
		"x": -99.5169982910156,
		"y": -1498.80505371094,
		"z": -101.22200012207
	},
	"id": 44,
	"path": "res://Godot/Terrain/GeneratedIndoorNavMeshes/cluster_44.res",
	"polygon_count": 7369,
	"pre_lb": false,
	"radius": 114.4,
	"walkable_tris": 9425
}