{
	"aabb_nav": {
		"max": {
			"x": 582.499267578125,
			"y": -1694.84704589844,
			"z": 4182.4990234375
		},
		"min": {
			"x": 432.5,
			"y": -1703.65124511719,
			"z": 4017.50048828125
		}
	},
	"center_nav": {
		"x": 499.06298828125,
		"y": -1698.25,
		"z": 4093.43676757813
	},
	"center_source": {
		"x": 93.4369964599609,
		"y": -1698.25,
		"z": 3500.93701171875
	},
	"id": 42,
	"path": "res://Godot/Terrain/GeneratedIndoorNavMeshes/cluster_42.res",
	"polygon_count": 7739,
	"pre_lb": false,
	"radius": 121.0,
	"walkable_tris": 28144
}