{
	"aabb_nav": {
		"max": {
			"x": 4167.49951171875,
			"y": -1485.86242675781,
			"z": 382.922119140625
		},
		"min": {
			"x": 4032.47412109375,
			"y": -1513.65026855469,
			"z": 217.078369140625
		}
	},
	"center_nav": {
		"x": 4101.55029296875,
		"y": -1501.07702636719,
		"z": 297.7880859375
	},
	"center_source": {
		"x": -3702.2119140625,
		"y": -1501.07702636719,
		"z": -101.550003051758
	},
	"id": 34,
	"path": "res://Godot/Terrain/GeneratedIndoorNavMeshes/cluster_34.res",
	"polygon_count": 3522,
	"pre_lb": false,
	"radius": 115.9,
	"walkable_tris": 32139
}