{
	"aabb_nav": {
		"max": {
			"x": 552.5,
			"y": -1695.62390136719,
			"z": 4967.5
		},
		"min": {
			"x": 417.077880859375,
			"y": -1703.65026855469,
			"z": 4832.5
		}
	},
	"center_nav": {
		"x": 476.177001953125,
		"y": -1698.65002441406,
		"z": 4903.81982421875
	},
	"center_source": {
		"x": 903.820007324219,
		"y": -1698.65002441406,
		"z": 3523.82299804688
	},
	"id": 66,
	"path": "res://Godot/Terrain/GeneratedIndoorNavMeshes/cluster_66.res",
	"polygon_count": 1993,
	"pre_lb": false,
	"radius": 106.7,
	"walkable_tris": 21161
}