{
	"aabb_nav": {
		"max": {
			"x": 4167.5,
			"y": -1483.88610839844,
			"z": 4771.24951171875
		},
		"min": {
			"x": 4032.5,
			"y": -1513.6396484375,
			"z": 4632.078125
		}
	},
	"center_nav": {
		"x": 4099.40478515625,
		"y": -1496.04699707031,
		"z": 4699.802734375
	},
	"center_source": {
		"x": 699.802978515625,
		"y": -1496.04699707031,
		"z": -99.4049987792969
	},
	"id": 22,
	"path": "res://Godot/Terrain/GeneratedIndoorNavMeshes/cluster_22.res",
	"polygon_count": 6865,
	"pre_lb": false,
	"radius": 116.8,
	"walkable_tris": 20554
}