{
	"aabb_nav": {
		"max": {
			"x": 5163.71728515625,
			"y": -1092.63342285156,
			"z": 6550.79296875
		},
		"min": {
			"x": 5113.3115234375,
			"y": -1107.28784179688,
			"z": 6510.0400390625
		}
	},
	"center_nav": {
		"x": 5146.93994140625,
		"y": -1099.70300292969,
		"z": 6532.81201171875
	},
	"center_source": {
		"x": 2532.81201171875,
		"y": -1099.70300292969,
		"z": -1146.93994140625
	},
	"id": 123,
	"path": "res://Godot/Terrain/GeneratedIndoorNavMeshes/cluster_123.res",
	"polygon_count": 738,
	"pre_lb": true,
	"radius": 61.0,
	"walkable_tris": 2091
}