{
	"aabb_nav": {
		"max": {
			"x": 2182.5,
			"y": -1283.94372558594,
			"z": 382.5
		},
		"min": {
			"x": 2002.50012207031,
			"y": -1313.67626953125,
			"z": 232.5
		}
	},
	"center_nav": {
		"x": 2088.36108398438,
		"y": -1297.0400390625,
		"z": 303.166015625
	},
	"center_source": {
		"x": -3696.833984375,
		"y": -1297.0400390625,
		"z": 1911.63903808594
	},
	"id": 8,
	"path": "res://Godot/Terrain/GeneratedIndoorNavMeshes/cluster_8.res",
	"polygon_count": 7015,
	"pre_lb": false,
	"radius": 117.7,
	"walkable_tris": 17297
}