{
	"aabb_nav": {
		"max": {
			"x": 4152.5,
			"y": -1494.90246582031,
			"z": 1552.5
		},
		"min": {
			"x": 4032.50073242188,
			"y": -1503.65124511719,
			"z": 1417.5
		}
	},
	"center_nav": {
		"x": 4094.21899414063,
		"y": -1498.25,
		"z": 1497.34399414063
	},
	"center_source": {
		"x": -2502.65600585938,
		"y": -1498.25,
		"z": -94.2190017700195
	},
	"id": 69,
	"path": "res://Godot/Terrain/GeneratedIndoorNavMeshes/cluster_69.res",
	"polygon_count": 6276,
	"pre_lb": false,
	"radius": 106.1,
	"walkable_tris": 21894
}