{
	"aabb_nav": {
		"max": {
			"x": 2137.5,
			"y": -1236.1748046875,
			"z": 952.50048828125
		},
		"min": {
			"x": 2047.07800292969,
			"y": -1363.65026855469,
			"z": 802.50048828125
		}
	},
	"center_nav": {
		"x": 2091.60009765625,
		"y": -1300.89001464844,
		"z": 895.555908203125
	},
	"center_source": {
		"x": -3104.44409179688,
		"y": -1300.89001464844,
		"z": 1908.40002441406
	},
	"id": 5,
	"path": "res://Godot/Terrain/GeneratedIndoorNavMeshes/cluster_5.res",
	"polygon_count": 11613,
	"pre_lb": false,
	"radius": 119.9,
	"walkable_tris": 33181
}