{
	"aabb_nav": {
		"max": {
			"x": 567.5,
			"y": -1683.88610839844,
			"z": 5771.24951171875
		},
		"min": {
			"x": 432.5,
			"y": -1703.650390625,
			"z": 5632.5
		}
	},
	"center_nav": {
		"x": 498.7548828125,
		"y": -1695.94201660156,
		"z": 5700.4228515625
	},
	"center_source": {
		"x": 1700.42297363281,
		"y": -1695.94201660156,
		"z": 3501.2451171875
	},
	"id": 27,
	"path": "res://Godot/Terrain/GeneratedIndoorNavMeshes/cluster_27.res",
	"polygon_count": 5775,
	"pre_lb": false,
	"radius": 116.8,
	"walkable_tris": 17800
}