{
	"aabb_nav": {
		"max": {
			"x": 767.514404296875,
			"y": -1684.5556640625,
			"z": 2767.5
		},
		"min": {
			"x": 632.485595703125,
			"y": -1713.65026855469,
			"z": 2632.48559570313
		}
	},
	"center_nav": {
		"x": 699.445068359375,
		"y": -1699.29797363281,
		"z": 2700.85083007813
	},
	"center_source": {
		"x": -1299.14904785156,
		"y": -1699.29797363281,
		"z": 3300.55493164063
	},
	"id": 54,
	"path": "res://Godot/Terrain/GeneratedIndoorNavMeshes/cluster_54.res",
	"polygon_count": 3701,
	"pre_lb": false,
	"radius": 116.6,
	"walkable_tris": 9376
}