{
	"aabb_nav": {
		"max": {
			"x": 4182.5,
			"y": -1495.64978027344,
			"z": 7352.5
		},
		"min": {
			"x": 4002.49975585938,
			"y": -1503.65026855469,
			"z": 7247.078125
		}
	},
	"center_nav": {
		"x": 4082.78686523438,
		"y": -1498.65002441406,
		"z": 7299.9931640625
	},
	"center_source": {
		"x": 3299.99291992188,
		"y": -1498.65002441406,
		"z": -82.7870025634766
	},
	"id": 62,
	"path": "res://Godot/Terrain/GeneratedIndoorNavMeshes/cluster_62.res",
	"polygon_count": 2099,
	"pre_lb": false,
	"radius": 126.7,
	"walkable_tris": 21885
}