{
	"aabb_nav": {
		"max": {
			"x": 104.796142578125,
			"y": -1097.11853027344,
			"z": 503.577392578125
		},
		"min": {
			"x": 90.5009765625,
			"y": -1102.80786132813,
			"z": 496.28564453125
		}
	},
	"center_nav": {
		"x": 97.669189453125,
		"y": -1099.4990234375,
		"z": 499.999755859375
	},
	"center_source": {
		"x": -3500.0,
		"y": -1099.4990234375,
		"z": 3902.3310546875
	},
	"id": 127,
	"path": "res://Godot/Terrain/GeneratedIndoorNavMeshes/cluster_127.res",
	"polygon_count": 47,
	"pre_lb": false,
	"radius": 40.0,
	"walkable_tris": 2025
}