{
	"aabb_nav": {
		"max": {
			"x": 5118.37548828125,
			"y": -1085.40319824219,
			"z": 4537.09912109375
		},
		"min": {
			"x": 5077.0380859375,
			"y": -1101.8740234375,
			"z": 4489.7353515625
		}
	},
	"center_nav": {
		"x": 5095.72216796875,
		"y": -1093.90405273438,
		"z": 4509.5859375
	},
	"center_source": {
		"x": 509.585998535156,
		"y": -1093.90405273438,
		"z": -1095.72204589844
	},
	"id": 106,
	"path": "res://Godot/Terrain/GeneratedIndoorNavMeshes/cluster_106.res",
	"polygon_count": 832,
	"pre_lb": true,
	"radius": 52.7,
	"walkable_tris": 3035
}