{
	"aabb_nav": {
		"max": {
			"x": 5141.5576171875,
			"y": -1085.49938964844,
			"z": 2126.3310546875
		},
		"min": {
			"x": 5083.458984375,
			"y": -1104.36669921875,
			"z": 2088.21459960938
		}
	},
	"center_nav": {
		"x": 5112.55126953125,
		"y": -1095.083984375,
		"z": 2110.505859375
	},
	"center_source": {
		"x": -1889.49401855469,
		"y": -1095.083984375,
		"z": -1112.55102539063
	},
	"id": 94,
	"path": "res://Godot/Terrain/GeneratedIndoorNavMeshes/cluster_94.res",
	"polygon_count": 659,
	"pre_lb": true,
	"radius": 53.3,
	"walkable_tris": 2382
}