{
	"aabb_nav": {
		"max": {
			"x": 782.5,
			"y": -1695.64978027344,
			"z": 4182.92138671875
		},
		"min": {
			"x": 617.5,
			"y": -1703.650390625,
			"z": 4017.47387695313
		}
	},
	"center_nav": {
		"x": 702.5400390625,
		"y": -1698.65002441406,
		"z": 4102.548828125
	},
	"center_source": {
		"x": 102.549003601074,
		"y": -1698.65002441406,
		"z": 3297.4599609375
	},
	"id": 18,
	"path": "res://Godot/Terrain/GeneratedIndoorNavMeshes/cluster_18.res",
	"polygon_count": 3528,
	"pre_lb": false,
	"radius": 119.2,
	"walkable_tris": 36672
}