{
	"aabb_nav": {
		"max": {
			"x": 5145.73046875,
			"y": -1085.49206542969,
			"z": 337.796630859375
		},
		"min": {
			"x": 5087.80029296875,
			"y": -1100.13171386719,
			"z": 291.3916015625
		}
	},
	"center_nav": {
		"x": 5115.2021484375,
		"y": -1093.49597167969,
		"z": 311.195068359375
	},
	"center_source": {
		"x": -3688.80493164063,
		"y": -1093.49597167969,
		"z": -1115.20202636719
	},
	"id": 109,
	"path": "res://Godot/Terrain/GeneratedIndoorNavMeshes/cluster_109.res",
	"polygon_count": 903,
	"pre_lb": true,
	"radius": 62.1,
	"walkable_tris": 2881
}