{
	"aabb_nav": {
		"max": {
			"x": 567.499755859375,
			"y": -1693.77124023438,
			"z": 7367.5
		},
		"min": {
			"x": 432.499755859375,
			"y": -1713.6396484375,
			"z": 7232.08203125
		}
	},
	"center_nav": {
		"x": 493.207763671875,
		"y": -1698.74194335938,
		"z": 7295.1845703125
	},
	"center_source": {
		"x": 3295.18505859375,
		"y": -1698.74194335938,
		"z": 3506.7919921875
	},
	"id": 64,
	"path": "res://Godot/Terrain/GeneratedIndoorNavMeshes/cluster_64.res",
	"polygon_count": 5625,
	"pre_lb": false,
	"radius": 114.6,
	"walkable_tris": 6723
}