{
	"aabb_nav": {
		"max": {
			"x": 134.083984375,
			"y": -1081.55639648438,
			"z": 1740.85913085938
		},
		"min": {
			"x": 88.67724609375,
			"y": -1100.04296875,
			"z": 1688.88330078125
		}
	},
	"center_nav": {
		"x": 113.60595703125,
		"y": -1090.50402832031,
		"z": 1720.220703125
	},
	"center_source": {
		"x": -2279.77905273438,
		"y": -1090.50402832031,
		"z": 3886.39404296875
	},
	"id": 104,
	"path": "res://Godot/Terrain/GeneratedIndoorNavMeshes/cluster_104.res",
	"polygon_count": 629,
	"pre_lb": true,
	"radius": 59.6,
	"walkable_tris": 2336
}