{
	"aabb_nav": {
		"max": {
			"x": 5109.2763671875,
			"y": -1085.40319824219,
			"z": 4110.2646484375
		},
		"min": {
			"x": 5064.85546875,
			"y": -1104.62145996094,
			"z": 4048.38623046875
		}
	},
	"center_nav": {
		"x": 5090.126953125,
		"y": -1096.19702148438,
		"z": 4081.2099609375
	},
	"center_source": {
		"x": 81.2099990844727,
		"y": -1096.19702148438,
		"z": -1090.126953125
	},
	"id": 119,
	"path": "res://Godot/Terrain/GeneratedIndoorNavMeshes/cluster_119.res",
	"polygon_count": 1061,
	"pre_lb": true,
	"radius": 65.2,
	"walkable_tris": 2729
}