{
	"aabb_nav": {
		"max": {
			"x": 5132.908203125,
			"y": -1083.36145019531,
			"z": 1122.51635742188
		},
		"min": {
			"x": 5058.80810546875,
			"y": -1100.13171386719,
			"z": 1089.44580078125
		}
	},
	"center_nav": {
		"x": 5094.90625,
		"y": -1092.52697753906,
		"z": 1107.42895507813
	},
	"center_source": {
		"x": -2892.57104492188,
		"y": -1092.52697753906,
		"z": -1094.90600585938
	},
	"id": 103,
	"path": "res://Godot/Terrain/GeneratedIndoorNavMeshes/cluster_103.res",
	"polygon_count": 1169,
	"pre_lb": true,
	"radius": 66.2,
	"walkable_tris": 3087
}