{
	"aabb_nav": {
		"max": {
			"x": 5110.7041015625,
			"y": -1085.19799804688,
			"z": 6561.2333984375
		},
		"min": {
			"x": 5087.91455078125,
			"y": -1101.5263671875,
			"z": 6512.6865234375
		}
	},
	"center_nav": {
		"x": 5099.25,
		"y": -1093.24194335938,
		"z": 6528.4580078125
	},
	"center_source": {
		"x": 2528.4580078125,
		"y": -1093.24194335938,
		"z": -1099.25
	},
	"id": 122,
	"path": "res://Godot/Terrain/GeneratedIndoorNavMeshes/cluster_122.res",
	"polygon_count": 615,
	"pre_lb": true,
	"radius": 55.7,
	"walkable_tris": 2039
}