{
	"aabb_nav": {
		"max": {
			"x": 5111.2626953125,
			"y": -1085.40319824219,
			"z": 3535.3291015625
		},
		"min": {
			"x": 5056.87841796875,
			"y": -1101.34851074219,
			"z": 3488.8310546875
		}
	},
	"center_nav": {
		"x": 5081.365234375,
		"y": -1095.58605957031,
		"z": 3515.7021484375
	},
	"center_source": {
		"x": -484.298004150391,
		"y": -1095.58605957031,
		"z": -1081.36499023438
	},
	"id": 112,
	"path": "res://Godot/Terrain/GeneratedIndoorNavMeshes/cluster_112.res",
	"polygon_count": 775,
	"pre_lb": true,
	"radius": 59.9,
	"walkable_tris": 2648
}