{
	"aabb_nav": {
		"max": {
			"x": 111.61279296875,
			"y": -1085.49206542969,
			"z": 1312.19970703125
		},
		"min": {
			"x": 71.423095703125,
			"y": -1103.40893554688,
			"z": 1269.60815429688
		}
	},
	"center_nav": {
		"x": 93.327880859375,
		"y": -1094.36303710938,
		"z": 1298.87866210938
	},
	"center_source": {
		"x": -2701.12109375,
		"y": -1094.36303710938,
		"z": 3906.67211914063
	},
	"id": 111,
	"path": "res://Godot/Terrain/GeneratedIndoorNavMeshes/cluster_111.res",
	"polygon_count": 893,
	"pre_lb": true,
	"radius": 53.6,
	"walkable_tris": 2831
}