{
	"aabb_nav": {
		"max": {
			"x": 5125.888671875,
			"y": -1088.40063476563,
			"z": 2322.67724609375
		},
		"min": {
			"x": 5069.78662109375,
			"y": -1107.92529296875,
			"z": 2292.77734375
		}
	},
	"center_nav": {
		"x": 5095.96826171875,
		"y": -1098.06103515625,
		"z": 2308.921875
	},
	"center_source": {
		"x": -1691.07800292969,
		"y": -1098.06103515625,
		"z": -1095.96801757813
	},
	"id": 88,
	"path": "res://Godot/Terrain/GeneratedIndoorNavMeshes/cluster_88.res",
	"polygon_count": 701,
	"pre_lb": true,
	"radius": 52.2,
	"walkable_tris": 2610
}