{
	"aabb_nav": {
		"max": {
			"x": 127.433837890625,
			"y": -1110.24951171875,
			"z": 67.94287109375
		},
		"min": {
			"x": 97.862060546875,
			"y": -1121.26672363281,
			"z": 54.673828125
		}
	},
	"center_nav": {
		"x": 112.648193359375,
		"y": -1115.45397949219,
		"z": 61.308837890625
	},
	"center_source": {
		"x": -3938.69091796875,
		"y": -1115.45397949219,
		"z": 3887.35205078125
	},
	"id": 133,
	"path": "res://Godot/Terrain/GeneratedIndoorNavMeshes/cluster_133.res",
	"polygon_count": 156,
	"pre_lb": false,
	"radius": 40.0,
	"walkable_tris": 2027
}