{
	"aabb_nav": {
		"max": {
			"x": 5113.9912109375,
			"y": -1080.94079589844,
			"z": 6501.3994140625
		},
		"min": {
			"x": 5089.6630859375,
			"y": -1112.64624023438,
			"z": 6465.36279296875
		}
	},
	"center_nav": {
		"x": 5096.53271484375,
		"y": -1098.45104980469,
		"z": 6476.7490234375
	},
	"center_source": {
		"x": 2476.7490234375,
		"y": -1098.45104980469,
		"z": -1096.53295898438
	},
	"id": 35,
	"path": "res://Godot/Terrain/GeneratedIndoorNavMeshes/cluster_35.res",
	"polygon_count": 852,
	"pre_lb": true,
	"radius": 52.0,
	"walkable_tris": 3822
}