{
	"aabb_nav": {
		"max": {
			"x": 5133.85986328125,
			"y": -1085.896484375,
			"z": 3728.42016601563
		},
		"min": {
			"x": 5087.4150390625,
			"y": -1102.81042480469,
			"z": 3687.05517578125
		}
	},
	"center_nav": {
		"x": 5110.77783203125,
		"y": -1097.10400390625,
		"z": 3703.36499023438
	},
	"center_source": {
		"x": -296.635009765625,
		"y": -1097.10400390625,
		"z": -1110.77795410156
	},
	"id": 83,
	"path": "res://Godot/Terrain/GeneratedIndoorNavMeshes/cluster_83.res",
	"polygon_count": 752,
	"pre_lb": true,
	"radius": 54.8,
	"walkable_tris": 2908
}