{
	"aabb_nav": {
		"max": {
			"x": 571.249755859375,
			"y": -1685.65051269531,
			"z": 6782.5
		},
		"min": {
			"x": 417.5,
			"y": -1723.6396484375,
			"z": 6617.5
		}
	},
	"center_nav": {
		"x": 497.093017578125,
		"y": -1703.48706054688,
		"z": 6700.728515625
	},
	"center_source": {
		"x": 2700.72900390625,
		"y": -1703.48706054688,
		"z": 3502.90698242188
	},
	"id": 47,
	"path": "res://Godot/Terrain/GeneratedIndoorNavMeshes/cluster_47.res",
	"polygon_count": 4481,
	"pre_lb": false,
	"radius": 120.5,
	"walkable_tris": 20589
}