{
	"aabb_nav": {
		"max": {
			"x": 4152.5,
			"y": -1495.62390136719,
			"z": 2582.92211914063
		},
		"min": {
			"x": 4017.07788085938,
			"y": -1503.650390625,
			"z": 2432.5
		}
	},
	"center_nav": {
		"x": 4080.35205078125,
		"y": -1498.65002441406,
		"z": 2510.98291015625
	},
	"center_source": {
		"x": -1489.01696777344,
		"y": -1498.65002441406,
		"z": -80.3519973754883
	},
	"id": 28,
	"path": "res://Godot/Terrain/GeneratedIndoorNavMeshes/cluster_28.res",
	"polygon_count": 3127,
	"pre_lb": false,
	"radius": 116.2,
	"walkable_tris": 32835
}