{
	"aabb_nav": {
		"max": {
			"x": 582.5,
			"y": -1695.64978027344,
			"z": 6382.92138671875
		},
		"min": {
			"x": 432.077880859375,
			"y": -1703.650390625,
			"z": 6232.5
		}
	},
	"center_nav": {
		"x": 504.318115234375,
		"y": -1698.65002441406,
		"z": 6308.1455078125
	},
	"center_source": {
		"x": 2308.14599609375,
		"y": -1698.65002441406,
		"z": 3495.68188476563
	},
	"id": 49,
	"path": "res://Godot/Terrain/GeneratedIndoorNavMeshes/cluster_49.res",
	"polygon_count": 2613,
	"pre_lb": false,
	"radius": 124.4,
	"walkable_tris": 26129
}