{
	"aabb_nav": {
		"max": {
			"x": 4182.49853515625,
			"y": -1494.84704589844,
			"z": 5382.4990234375
		},
		"min": {
			"x": 4017.5,
			"y": -1503.65124511719,
			"z": 5217.5
		}
	},
	"center_nav": {
		"x": 4095.48388671875,
		"y": -1498.25,
		"z": 5294.6767578125
	},
	"center_source": {
		"x": 1294.67700195313,
		"y": -1498.25,
		"z": -95.484001159668
	},
	"id": 7,
	"path": "res://Godot/Terrain/GeneratedIndoorNavMeshes/cluster_7.res",
	"polygon_count": 14942,
	"pre_lb": false,
	"radius": 133.6,
	"walkable_tris": 45040
}