{
	"aabb_nav": {
		"max": {
			"x": 134.414306640625,
			"y": -1085.34533691406,
			"z": 707.222412109375
		},
		"min": {
			"x": 88.42626953125,
			"y": -1105.46032714844,
			"z": 669.206298828125
		}
	},
	"center_nav": {
		"x": 106.185302734375,
		"y": -1096.18798828125,
		"z": 687.456787109375
	},
	"center_source": {
		"x": -3312.54296875,
		"y": -1096.18798828125,
		"z": 3893.81494140625
	},
	"id": 95,
	"path": "res://Godot/Terrain/GeneratedIndoorNavMeshes/cluster_95.res",
	"polygon_count": 700,
	"pre_lb": true,
	"radius": 49.7,
	"walkable_tris": 2588
}