{
	"aabb_nav": {
		"max": {
			"x": 4182.5,
			"y": -1486.22961425781,
			"z": 3382.92211914063
		},
		"min": {
			"x": 4017.07788085938,
			"y": -1515.6396484375,
			"z": 3217.50048828125
		}
	},
	"center_nav": {
		"x": 4100.375,
		"y": -1497.99694824219,
		"z": 3301.5048828125
	},
	"center_source": {
		"x": -698.494995117188,
		"y": -1497.99694824219,
		"z": -100.375
	},
	"id": 15,
	"path": "res://Godot/Terrain/GeneratedIndoorNavMeshes/cluster_15.res",
	"polygon_count": 6494,
	"pre_lb": false,
	"radius": 127.8,
	"walkable_tris": 28194
}