{
	"aabb_nav": {
		"max": {
			"x": 4167.52587890625,
			"y": -1473.77124023438,
			"z": 182.5
		},
		"min": {
			"x": 4032.08227539063,
			"y": -1523.6396484375,
			"z": 17.5
		}
	},
	"center_nav": {
		"x": 4096.01318359375,
		"y": -1495.15100097656,
		"z": 101.781982421875
	},
	"center_source": {
		"x": -3898.21801757813,
		"y": -1495.15100097656,
		"z": -96.0130004882813
	},
	"id": 4,
	"path": "res://Godot/Terrain/GeneratedIndoorNavMeshes/cluster_4.res",
	"polygon_count": 15834,
	"pre_lb": false,
	"radius": 121.3,
	"walkable_tris": 20064
}