{
	"aabb_nav": {
		"max": {
			"x": 752.5,
			"y": -1693.84375,
			"z": 1412.50634765625
		},
		"min": {
			"x": 647.49951171875,
			"y": -1713.64978027344,
			"z": 1247.49975585938
		}
	},
	"center_nav": {
		"x": 697.115966796875,
		"y": -1699.22705078125,
		"z": 1328.26879882813
	},
	"center_source": {
		"x": -2671.73095703125,
		"y": -1699.22705078125,
		"z": 3302.88403320313
	},
	"id": 65,
	"path": "res://Godot/Terrain/GeneratedIndoorNavMeshes/cluster_65.res",
	"polygon_count": 3342,
	"pre_lb": false,
	"radius": 117.9,
	"walkable_tris": 9867
}