{
	"aabb_nav": {
		"max": {
			"x": 780.928466796875,
			"y": -1673.40759277344,
			"z": 906.10546875
		},
		"min": {
			"x": 675.928466796875,
			"y": -1713.21362304688,
			"z": 801.10546875
		}
	},
	"center_nav": {
		"x": 729.92822265625,
		"y": -1689.71398925781,
		"z": 840.604736328125
	},
	"center_source": {
		"x": -3159.39501953125,
		"y": -1689.71398925781,
		"z": 3270.07202148438
	},
	"id": 87,
	"path": "res://Godot/Terrain/GeneratedIndoorNavMeshes/cluster_87.res",
	"polygon_count": 2722,
	"pre_lb": false,
	"radius": 97.4,
	"walkable_tris": 5794
}