{
	"aabb_nav": {
		"max": {
			"x": 567.499755859375,
			"y": -1686.22961425781,
			"z": 7782.921875
		},
		"min": {
			"x": 417.07763671875,
			"y": -1715.6396484375,
			"z": 7617.5
		}
	},
	"center_nav": {
		"x": 494.314697265625,
		"y": -1698.08605957031,
		"z": 7698.6416015625
	},
	"center_source": {
		"x": 3698.64208984375,
		"y": -1698.08605957031,
		"z": 3505.68505859375
	},
	"id": 38,
	"path": "res://Godot/Terrain/GeneratedIndoorNavMeshes/cluster_38.res",
	"polygon_count": 5452,
	"pre_lb": false,
	"radius": 129.5,
	"walkable_tris": 21779
}