{
	"aabb_nav": {
		"max": {
			"x": 5118.03271484375,
			"y": -1083.12939453125,
			"z": 533.747314453125
		},
		"min": {
			"x": 5073.814453125,
			"y": -1105.2958984375,
			"z": 492.77734375
		}
	},
	"center_nav": {
		"x": 5096.40234375,
		"y": -1095.2939453125,
		"z": 515.0400390625
	},
	"center_source": {
		"x": -3484.9599609375,
		"y": -1095.2939453125,
		"z": -1096.40197753906
	},
	"id": 93,
	"path": "res://Godot/Terrain/GeneratedIndoorNavMeshes/cluster_93.res",
	"polygon_count": 808,
	"pre_lb": true,
	"radius": 49.0,
	"walkable_tris": 2608
}