{
	"aabb_nav": {
		"max": {
			"x": 4167.5,
			"y": -1485.64990234375,
			"z": 3182.5
		},
		"min": {
			"x": 4017.5,
			"y": -1523.6396484375,
			"z": 3017.5
		}
	},
	"center_nav": {
		"x": 4097.0048828125,
		"y": -1502.77404785156,
		"z": 3095.50805664063
	},
	"center_source": {
		"x": -904.492004394531,
		"y": -1502.77404785156,
		"z": -97.004997253418
	},
	"id": 14,
	"path": "res://Godot/Terrain/GeneratedIndoorNavMeshes/cluster_14.res",
	"polygon_count": 5689,
	"pre_lb": false,
	"radius": 125.7,
	"walkable_tris": 28317
}