{
	"aabb_nav": {
		"max": {
			"x": 5111.2626953125,
			"y": -1085.40319824219,
			"z": 6134.705078125
		},
		"min": {
			"x": 5056.8779296875,
			"y": -1101.34851074219,
			"z": 6088.8310546875
		}
	},
	"center_nav": {
		"x": 5081.36474609375,
		"y": -1095.58605957031,
		"z": 6115.7021484375
	},
	"center_source": {
		"x": 2115.70190429688,
		"y": -1095.58605957031,
		"z": -1081.36499023438
	},
	"id": 113,
	"path": "res://Godot/Terrain/GeneratedIndoorNavMeshes/cluster_113.res",
	"polygon_count": 769,
	"pre_lb": true,
	"radius": 59.9,
	"walkable_tris": 2598
}