{
	"aabb_nav": {
		"max": {
			"x": 5109.853515625,
			"y": -1088.91943359375,
			"z": 111.81005859375
		},
		"min": {
			"x": 5072.80419921875,
			"y": -1107.04821777344,
			"z": 71.6416015625
		}
	},
	"center_nav": {
		"x": 5093.5908203125,
		"y": -1098.56005859375,
		"z": 93.219970703125
	},
	"center_source": {
		"x": -3906.78002929688,
		"y": -1098.56005859375,
		"z": -1093.59094238281
	},
	"id": 118,
	"path": "res://Godot/Terrain/GeneratedIndoorNavMeshes/cluster_118.res",
	"polygon_count": 606,
	"pre_lb": true,
	"radius": 48.1,
	"walkable_tris": 2260
}