{
	"aabb_nav": {
		"max": {
			"x": 5136.57763671875,
			"y": -1060.48742675781,
			"z": 6556.45947265625
		},
		"min": {
			"x": 5077.14208984375,
			"y": -1076.21862792969,
			"z": 6502.064453125
		}
	},
	"center_nav": {
		"x": 5099.048828125,
		"y": -1068.80505371094,
		"z": 6524.67578125
	},
	"center_source": {
		"x": 2524.67602539063,
		"y": -1068.80505371094,
		"z": -1099.04895019531
	},
	"id": 39,
	"path": "res://Godot/Terrain/GeneratedIndoorNavMeshes/cluster_39.res",
	"polygon_count": 1278,
	"pre_lb": true,
	"radius": 60.6,
	"walkable_tris": 4948
}