{
	"aabb_nav": {
		"max": {
			"x": 5109.4521484375,
			"y": -1086.56860351563,
			"z": 4315.29345703125
		},
		"min": {
			"x": 5043.1708984375,
			"y": -1107.64501953125,
			"z": 4269.33251953125
		}
	},
	"center_nav": {
		"x": 5072.81787109375,
		"y": -1097.98596191406,
		"z": 4290.14599609375
	},
	"center_source": {
		"x": 290.14599609375,
		"y": -1097.98596191406,
		"z": -1072.81799316406
	},
	"id": 100,
	"path": "res://Godot/Terrain/GeneratedIndoorNavMeshes/cluster_100.res",
	"polygon_count": 943,
	"pre_lb": true,
	"radius": 61.8,
	"walkable_tris": 3159
}