{
	"aabb_nav": {
		"max": {
			"x": 5109.853515625,
			"y": -1088.91943359375,
			"z": 2910.05615234375
		},
		"min": {
			"x": 5072.8037109375,
			"y": -1106.73876953125,
			"z": 2871.6416015625
		}
	},
	"center_nav": {
		"x": 5093.5908203125,
		"y": -1098.56005859375,
		"z": 2893.21997070313
	},
	"center_source": {
		"x": -1106.78002929688,
		"y": -1098.56005859375,
		"z": -1093.59094238281
	},
	"id": 115,
	"path": "res://Godot/Terrain/GeneratedIndoorNavMeshes/cluster_115.res",
	"polygon_count": 595,
	"pre_lb": true,
	"radius": 48.1,
	"walkable_tris": 2210
}