{
	"aabb_nav": {
		"max": {
			"x": 782.52587890625,
			"y": -1695.64978027344,
			"z": 3122.49951171875
		},
		"min": {
			"x": 632.5,
			"y": -1703.65026855469,
			"z": 3017.5
		}
	},
	"center_nav": {
		"x": 703.342041015625,
		"y": -1698.65002441406,
		"z": 3082.78588867188
	},
	"center_source": {
		"x": -917.213989257813,
		"y": -1698.65002441406,
		"z": 3296.65795898438
	},
	"id": 98,
	"path": "res://Godot/Terrain/GeneratedIndoorNavMeshes/cluster_98.res",
	"polygon_count": 1098,
	"pre_lb": false,
	"radius": 103.1,
	"walkable_tris": 11169
}