{
	"aabb_nav": {
		"max": {
			"x": 582.49951171875,
			"y": -1695.64978027344,
			"z": 6582.5
		},
		"min": {
			"x": 432.077880859375,
			"y": -1703.650390625,
			"z": 6432.5
		}
	},
	"center_nav": {
		"x": 502.7958984375,
		"y": -1698.65002441406,
		"z": 6501.28466796875
	},
	"center_source": {
		"x": 2501.28491210938,
		"y": -1698.65002441406,
		"z": 3497.2041015625
	},
	"id": 50,
	"path": "res://Godot/Terrain/GeneratedIndoorNavMeshes/cluster_50.res",
	"polygon_count": 2677,
	"pre_lb": false,
	"radius": 118.5,
	"walkable_tris": 25843
}