{
	"aabb_nav": {
		"max": {
			"x": 112.491455078125,
			"y": -1108.16003417969,
			"z": 104.189208984375
		},
		"min": {
			"x": 92.24267578125,
			"y": -1112.82421875,
			"z": 94.061279296875
		}
	},
	"center_nav": {
		"x": 102.3671875,
		"y": -1110.1240234375,
		"z": 99.124755859375
	},
	"center_source": {
		"x": -3900.875,
		"y": -1110.1240234375,
		"z": 3897.63305664063
	},
	"id": 132,
	"path": "res://Godot/Terrain/GeneratedIndoorNavMeshes/cluster_132.res",
	"polygon_count": 88,
	"pre_lb": false,
	"radius": 40.0,
	"walkable_tris": 1446
}