{
	"aabb_nav": {
		"max": {
			"x": 571.24951171875,
			"y": -1685.64990234375,
			"z": 7582.5
		},
		"min": {
			"x": 417.499755859375,
			"y": -1723.6396484375,
			"z": 7417.5
		}
	},
	"center_nav": {
		"x": 496.90185546875,
		"y": -1703.3310546875,
		"z": 7501.19384765625
	},
	"center_source": {
		"x": 3501.19409179688,
		"y": -1703.3310546875,
		"z": 3503.09790039063
	},
	"id": 45,
	"path": "res://Godot/Terrain/GeneratedIndoorNavMeshes/cluster_45.res",
	"polygon_count": 4648,
	"pre_lb": false,
	"radius": 121.0,
	"walkable_tris": 20687
}