{
	"aabb_nav": {
		"max": {
			"x": 911.135498046875,
			"y": -1691.06616210938,
			"z": 6109.45166015625
		},
		"min": {
			"x": 884.216552734375,
			"y": -1702.81506347656,
			"z": 6066.435546875
		}
	},
	"center_nav": {
		"x": 892.458984375,
		"y": -1698.10205078125,
		"z": 6094.0078125
	},
	"center_source": {
		"x": 2094.00805664063,
		"y": -1698.10205078125,
		"z": 3107.541015625
	},
	"id": 121,
	"path": "res://Godot/Terrain/GeneratedIndoorNavMeshes/cluster_121.res",
	"polygon_count": 698,
	"pre_lb": true,
	"radius": 53.1,
	"walkable_tris": 2144
}