{
	"aabb_nav": {
		"max": {
			"x": 507.499267578125,
			"y": -1693.84375,
			"z": 7907.5
		},
		"min": {
			"x": 402.499755859375,
			"y": -1713.64953613281,
			"z": 7802.4853515625
		}
	},
	"center_nav": {
		"x": 458.9697265625,
		"y": -1699.23999023438,
		"z": 7856.77880859375
	},
	"center_source": {
		"x": 3856.77905273438,
		"y": -1699.23999023438,
		"z": 3541.03002929688
	},
	"id": 82,
	"path": "res://Godot/Terrain/GeneratedIndoorNavMeshes/cluster_82.res",
	"polygon_count": 2807,
	"pre_lb": false,
	"radius": 93.0,
	"walkable_tris": 6867
}