{
	"aabb_nav": {
		"max": {
			"x": 4182.5,
			"y": -1483.80603027344,
			"z": 3571.25
		},
		"min": {
			"x": 4032.5,
			"y": -1513.6396484375,
			"z": 3432.5
		}
	},
	"center_nav": {
		"x": 4101.26513671875,
		"y": -1494.7919921875,
		"z": 3503.2548828125
	},
	"center_source": {
		"x": -496.744995117188,
		"y": -1494.7919921875,
		"z": -101.264999389648
	},
	"id": 11,
	"path": "res://Godot/Terrain/GeneratedIndoorNavMeshes/cluster_11.res",
	"polygon_count": 6514,
	"pre_lb": false,
	"radius": 119.3,
	"walkable_tris": 28855
}