{
	"aabb_nav": {
		"max": {
			"x": 707.514404296875,
			"y": -1666.12731933594,
			"z": 1537.49975585938
		},
		"min": {
			"x": 617.5,
			"y": -1713.64904785156,
			"z": 1417.5
		}
	},
	"center_nav": {
		"x": 666.843017578125,
		"y": -1695.22900390625,
		"z": 1467.24877929688
	},
	"center_source": {
		"x": -2532.7509765625,
		"y": -1695.22900390625,
		"z": 3333.15698242188
	},
	"id": 79,
	"path": "res://Godot/Terrain/GeneratedIndoorNavMeshes/cluster_79.res",
	"polygon_count": 2208,
	"pre_lb": false,
	"radius": 98.6,
	"walkable_tris": 6748
}