{
	"aabb_nav": {
		"max": {
			"x": 552.5,
			"y": -1686.17529296875,
			"z": 5967.5
		},
		"min": {
			"x": 432.082275390625,
			"y": -1713.6396484375,
			"z": 5832.5
		}
	},
	"center_nav": {
		"x": 497.589111328125,
		"y": -1695.791015625,
		"z": 5902.6787109375
	},
	"center_source": {
		"x": 1902.67895507813,
		"y": -1695.791015625,
		"z": 3502.41088867188
	},
	"id": 53,
	"path": "res://Godot/Terrain/GeneratedIndoorNavMeshes/cluster_53.res",
	"polygon_count": 5867,
	"pre_lb": false,
	"radius": 112.5,
	"walkable_tris": 7512
}