{
	"aabb_nav": {
		"max": {
			"x": 798.6279296875,
			"y": -1693.5771484375,
			"z": 752.499267578125
		},
		"min": {
			"x": 677.500244140625,
			"y": -1713.64953613281,
			"z": 463.41796875
		}
	},
	"center_nav": {
		"x": 740.63330078125,
		"y": -1699.13098144531,
		"z": 596.869873046875
	},
	"center_source": {
		"x": -3403.1298828125,
		"y": -1699.13098144531,
		"z": 3259.36694335938
	},
	"id": 6,
	"path": "res://Godot/Terrain/GeneratedIndoorNavMeshes/cluster_6.res",
	"polygon_count": 6952,
	"pre_lb": false,
	"radius": 178.0,
	"walkable_tris": 17065
}