{
	"aabb_nav": {
		"max": {
			"x": 2197.92236328125,
			"y": -1287.93908691406,
			"z": 1197.5
		},
		"min": {
			"x": 2002.07800292969,
			"y": -1313.650390625,
			"z": 1002.49951171875
		}
	},
	"center_nav": {
		"x": 2099.22509765625,
		"y": -1303.13195800781,
		"z": 1098.3291015625
	},
	"center_source": {
		"x": -2901.6708984375,
		"y": -1303.13195800781,
		"z": 1900.77502441406
	},
	"id": 1,
	"path": "res://Godot/Terrain/GeneratedIndoorNavMeshes/cluster_1.res",
	"polygon_count": 14505,
	"pre_lb": false,
	"radius": 160.0,
	"walkable_tris": 92372
}