{
	"aabb_nav": {
		"max": {
			"x": 4167.5,
			"y": -1485.65002441406,
			"z": 1167.92211914063
		},
		"min": {
			"x": 4032.50024414063,
			"y": -1513.65026855469,
			"z": 1032.5
		}
	},
	"center_nav": {
		"x": 4096.09033203125,
		"y": -1497.77697753906,
		"z": 1099.35400390625
	},
	"center_source": {
		"x": -2900.64599609375,
		"y": -1497.77697753906,
		"z": -96.0899963378906
	},
	"id": 31,
	"path": "res://Godot/Terrain/GeneratedIndoorNavMeshes/cluster_31.res",
	"polygon_count": 4405,
	"pre_lb": false,
	"radius": 113.7,
	"walkable_tris": 26900
}