{
	"aabb_nav": {
		"max": {
			"x": 582.499267578125,
			"y": -1695.64978027344,
			"z": 7182.5
		},
		"min": {
			"x": 432.07763671875,
			"y": -1703.650390625,
			"z": 7032.5
		}
	},
	"center_nav": {
		"x": 499.5478515625,
		"y": -1698.65002441406,
		"z": 7104.78173828125
	},
	"center_source": {
		"x": 3104.78198242188,
		"y": -1698.65002441406,
		"z": 3500.45190429688
	},
	"id": 37,
	"path": "res://Godot/Terrain/GeneratedIndoorNavMeshes/cluster_37.res",
	"polygon_count": 3035,
	"pre_lb": false,
	"radius": 119.3,
	"walkable_tris": 28684
}