{
	"aabb_nav": {
		"max": {
			"x": 5133.85986328125,
			"y": -1085.896484375,
			"z": 928.420166015625
		},
		"min": {
			"x": 5087.4150390625,
			"y": -1102.81042480469,
			"z": 887.05517578125
		}
	},
	"center_nav": {
		"x": 5110.7783203125,
		"y": -1097.10400390625,
		"z": 903.364990234375
	},
	"center_source": {
		"x": -3096.63500976563,
		"y": -1097.10400390625,
		"z": -1110.77795410156
	},
	"id": 86,
	"path": "res://Godot/Terrain/GeneratedIndoorNavMeshes/cluster_86.res",
	"polygon_count": 752,
	"pre_lb": true,
	"radius": 54.8,
	"walkable_tris": 2908
}