{
	"aabb_nav": {
		"max": {
			"x": 5133.85986328125,
			"y": -1085.896484375,
			"z": 6328.419921875
		},
		"min": {
			"x": 5087.41455078125,
			"y": -1102.81042480469,
			"z": 6287.05517578125
		}
	},
	"center_nav": {
		"x": 5110.77783203125,
		"y": -1097.10400390625,
		"z": 6303.365234375
	},
	"center_source": {
		"x": 2303.36499023438,
		"y": -1097.10400390625,
		"z": -1110.77795410156
	},
	"id": 84,
	"path": "res://Godot/Terrain/GeneratedIndoorNavMeshes/cluster_84.res",
	"polygon_count": 743,
	"pre_lb": true,
	"radius": 54.8,
	"walkable_tris": 2858
}