{
	"aabb_nav": {
		"max": {
			"x": 4182.5,
			"y": -1494.84704589844,
			"z": 2182.49926757813
		},
		"min": {
			"x": 4032.5,
			"y": -1503.65124511719,
			"z": 2017.50073242188
		}
	},
	"center_nav": {
		"x": 4105.30029296875,
		"y": -1498.25,
		"z": 2096.30004882813
	},
	"center_source": {
		"x": -1903.69995117188,
		"y": -1498.25,
		"z": -105.300003051758
	},
	"id": 20,
	"path": "res://Godot/Terrain/GeneratedIndoorNavMeshes/cluster_20.res",
	"polygon_count": 8995,
	"pre_lb": false,
	"radius": 125.2,
	"walkable_tris": 31855
}