{
	"aabb_nav": {
		"max": {
			"x": 767.506591796875,
			"y": -1693.94372558594,
			"z": 3967.49975585938
		},
		"min": {
			"x": 632.5,
			"y": -1713.64953613281,
			"z": 3832.49975585938
		}
	},
	"center_nav": {
		"x": 695.861083984375,
		"y": -1698.96899414063,
		"z": 3902.552734375
	},
	"center_source": {
		"x": -97.4469985961914,
		"y": -1698.96899414063,
		"z": 3304.13891601563
	},
	"id": 71,
	"path": "res://Godot/Terrain/GeneratedIndoorNavMeshes/cluster_71.res",
	"polygon_count": 3036,
	"pre_lb": false,
	"radius": 116.8,
	"walkable_tris": 7616
}