{
	"aabb_nav": {
		"max": {
			"x": 766.05419921875,
			"y": -1695.74353027344,
			"z": 4568.1484375
		},
		"min": {
			"x": 630.616943359375,
			"y": -1703.77709960938,
			"z": 4432.314453125
		}
	},
	"center_nav": {
		"x": 691.947998046875,
		"y": -1698.76196289063,
		"z": 4500.845703125
	},
	"center_source": {
		"x": 500.846008300781,
		"y": -1698.76196289063,
		"z": 3308.05200195313
	},
	"id": 25,
	"path": "res://Godot/Terrain/GeneratedIndoorNavMeshes/cluster_25.res",
	"polygon_count": 2661,
	"pre_lb": false,
	"radius": 111.8,
	"walkable_tris": 31251
}