{
	"aabb_nav": {
		"max": {
			"x": 567.499755859375,
			"y": -1693.77124023438,
			"z": 5367.91796875
		},
		"min": {
			"x": 432.5,
			"y": -1713.6396484375,
			"z": 5232.5
		}
	},
	"center_nav": {
		"x": 498.56494140625,
		"y": -1698.84204101563,
		"z": 5299.1259765625
	},
	"center_source": {
		"x": 1299.1259765625,
		"y": -1698.84204101563,
		"z": 3501.43505859375
	},
	"id": 67,
	"path": "res://Godot/Terrain/GeneratedIndoorNavMeshes/cluster_67.res",
	"polygon_count": 5543,
	"pre_lb": false,
	"radius": 105.9,
	"walkable_tris": 7864
}