{
	"aabb_nav": {
		"max": {
			"x": 4182.5,
			"y": -1485.64978027344,
			"z": 4982.921875
		},
		"min": {
			"x": 4017.07788085938,
			"y": -1515.6396484375,
			"z": 4817.50048828125
		}
	},
	"center_nav": {
		"x": 4105.3701171875,
		"y": -1498.17797851563,
		"z": 4902.97314453125
	},
	"center_source": {
		"x": 902.973022460938,
		"y": -1498.17797851563,
		"z": -105.370002746582
	},
	"id": 12,
	"path": "res://Godot/Terrain/GeneratedIndoorNavMeshes/cluster_12.res",
	"polygon_count": 6525,
	"pre_lb": false,
	"radius": 125.9,
	"walkable_tris": 27794
}