{
	"aabb_nav": {
		"max": {
			"x": 782.5,
			"y": -1695.64978027344,
			"z": 2582.92138671875
		},
		"min": {
			"x": 617.5,
			"y": -1703.650390625,
			"z": 2417.47412109375
		}
	},
	"center_nav": {
		"x": 701.5869140625,
		"y": -1698.65002441406,
		"z": 2502.77685546875
	},
	"center_source": {
		"x": -1497.22302246094,
		"y": -1698.65002441406,
		"z": 3298.4130859375
	},
	"id": 19,
	"path": "res://Godot/Terrain/GeneratedIndoorNavMeshes/cluster_19.res",
	"polygon_count": 3477,
	"pre_lb": false,
	"radius": 118.7,
	"walkable_tris": 36059
}