{
	"aabb_nav": {
		"max": {
			"x": 752.5,
			"y": -1695.86242675781,
			"z": 3352.49951171875
		},
		"min": {
			"x": 632.500244140625,
			"y": -1713.65026855469,
			"z": 3232.50024414063
		}
	},
	"center_nav": {
		"x": 691.30810546875,
		"y": -1699.05004882813,
		"z": 3292.80078125
	},
	"center_source": {
		"x": -707.198974609375,
		"y": -1699.05004882813,
		"z": 3308.69189453125
	},
	"id": 68,
	"path": "res://Godot/Terrain/GeneratedIndoorNavMeshes/cluster_68.res",
	"polygon_count": 1935,
	"pre_lb": false,
	"radius": 96.6,
	"walkable_tris": 21106
}