{
	"aabb_nav": {
		"max": {
			"x": 144.7587890625,
			"y": -1085.40319824219,
			"z": 1911.1259765625
		},
		"min": {
			"x": 89.7353515625,
			"y": -1105.00842285156,
			"z": 1861.416015625
		}
	},
	"center_nav": {
		"x": 111.3740234375,
		"y": -1096.30004882813,
		"z": 1885.93676757813
	},
	"center_source": {
		"x": -2114.06298828125,
		"y": -1096.30004882813,
		"z": 3888.6259765625
	},
	"id": 96,
	"path": "res://Godot/Terrain/GeneratedIndoorNavMeshes/cluster_96.res",
	"polygon_count": 760,
	"pre_lb": true,
	"radius": 59.9,
	"walkable_tris": 2578
}