{
	"aabb_nav": {
		"max": {
			"x": 5110.2646484375,
			"y": -1085.40319824219,
			"z": 1945.09643554688
		},
		"min": {
			"x": 5057.99609375,
			"y": -1102.11511230469,
			"z": 1890.03955078125
		}
	},
	"center_nav": {
		"x": 5078.80419921875,
		"y": -1095.42395019531,
		"z": 1911.8701171875
	},
	"center_source": {
		"x": -2088.1298828125,
		"y": -1095.42395019531,
		"z": -1078.80395507813
	},
	"id": 99,
	"path": "res://Godot/Terrain/GeneratedIndoorNavMeshes/cluster_99.res",
	"polygon_count": 812,
	"pre_lb": true,
	"radius": 59.2,
	"walkable_tris": 2694
}