{
	"aabb_nav": {
		"max": {
			"x": 4152.49951171875,
			"y": -1494.84704589844,
			"z": 1997.5
		},
		"min": {
			"x": 4017.50146484375,
			"y": -1503.65124511719,
			"z": 1832.5
		}
	},
	"center_nav": {
		"x": 4087.19213867188,
		"y": -1498.25,
		"z": 1912.34594726563
	},
	"center_source": {
		"x": -2087.65405273438,
		"y": -1498.25,
		"z": -87.1920013427734
	},
	"id": 40,
	"path": "res://Godot/Terrain/GeneratedIndoorNavMeshes/cluster_40.res",
	"polygon_count": 8368,
	"pre_lb": false,
	"radius": 114.5,
	"walkable_tris": 29341
}