{
	"aabb_nav": {
		"max": {
			"x": 582.499755859375,
			"y": -1695.64978027344,
			"z": 6982.92138671875
		},
		"min": {
			"x": 417.499755859375,
			"y": -1703.650390625,
			"z": 6832.5
		}
	},
	"center_nav": {
		"x": 502.56787109375,
		"y": -1698.65002441406,
		"z": 6904.94580078125
	},
	"center_source": {
		"x": 2904.94604492188,
		"y": -1698.65002441406,
		"z": 3497.43188476563
	},
	"id": 30,
	"path": "res://Godot/Terrain/GeneratedIndoorNavMeshes/cluster_30.res",
	"polygon_count": 2906,
	"pre_lb": false,
	"radius": 120.9,
	"walkable_tris": 31342
}