{
  "version": 1,
  "description": "Local-space flat walk strips for simple indoor rooms. Always merged on top of regular indoor walkable bake.",
  "rooms": {
    "lba_2i": {
      "floor_y": -0.9316931469183344,
      "strips": [
        {
          "axis": "z",
          "floor_y": -0.9316931469183344,
          "width": 3.0,
          "center_u": -4.76837158203125e-07,
          "opening_a": {
            "face": "-Z",
            "axis": "z",
            "center_u": -4.76837158203125e-07,
            "width": 3.0,
            "u0": -1.3750004768371582,
            "u1": 1.3749995231628418
          },
          "opening_b": {
            "face": "+Z",
            "axis": "z",
            "center_u": -4.76837158203125e-07,
            "width": 3.0,
            "u0": -1.3750004768371582,
            "u1": 1.3749995231628418
          },
          "quad": [
            [
              -1.5000004768371582,
              -0.9316931469183344,
              -7.499974250793457
            ],
            [
              1.4999995231628418,
              -0.9316931469183344,
              -7.499974250793457
            ],
            [
              1.4999995231628418,
              -0.9316931469183344,
              7.499743938446045
            ],
            [
              -1.5000004768371582,
              -0.9316931469183344,
              7.499743938446045
            ]
          ],
          "faces": [
            [
              -1.5000004768371582,
              -0.9316931469183344,
              -7.499974250793457
            ],
            [
              1.4999995231628418,
              -0.9316931469183344,
              -7.499974250793457
            ],
            [
              1.4999995231628418,
              -0.9316931469183344,
              7.499743938446045
            ],
            [
              -1.5000004768371582,
              -0.9316931469183344,
              -7.499974250793457
            ],
            [
              1.4999995231628418,
              -0.9316931469183344,
              7.499743938446045
            ],
            [
              -1.5000004768371582,
              -0.9316931469183344,
              7.499743938446045
            ]
          ]
        }
      ]
    },
    "lbc_2a": {
      "floor_y": -2.644703592572893,
      "strips": [
        {
          "axis": "x",
          "floor_y": -2.644703592572893,
          "width": 3.5,
          "center_u": 7.82012939453125e-05,
          "opening_a": {
            "face": "-X",
            "axis": "x",
            "center_u": 7.82012939453125e-05,
            "width": 3.5,
            "u0": -1.6249217987060547,
            "u1": 1.6250782012939453
          },
          "opening_b": {
            "face": "+X",
            "axis": "x",
            "center_u": 7.82012939453125e-05,
            "width": 3.5,
            "u0": -1.6249217987060547,
            "u1": 1.6250782012939453
          },
          "quad": [
            [
              -7.500004291534424,
              -2.644703592572893,
              -1.7499217987060547
            ],
            [
              7.499999523162842,
              -2.644703592572893,
              -1.7499217987060547
            ],
            [
              7.499999523162842,
              -2.644703592572893,
              1.7500782012939453
            ],
            [
              -7.500004291534424,
              -2.644703592572893,
              1.7500782012939453
            ]
          ],
          "faces": [
            [
              -7.500004291534424,
              -2.644703592572893,
              -1.7499217987060547
            ],
            [
              7.499999523162842,
              -2.644703592572893,
              -1.7499217987060547
            ],
            [
              7.499999523162842,
              -2.644703592572893,
              1.7500782012939453
            ],
            [
              -7.500004291534424,
              -2.644703592572893,
              -1.7499217987060547
            ],
            [
              7.499999523162842,
              -2.644703592572893,
              1.7500782012939453
            ],
            [
              -7.500004291534424,
              -2.644703592572893,
              1.7500782012939453
            ]
          ]
        }
      ]
    },
    "lbc_2d": {
      "floor_y": -2.6498212152057232,
      "strips": [
        {
          "axis": "z",
          "floor_y": -2.6498212152057232,
          "width": 3.5,
          "center_u": -4.76837158203125e-07,
          "opening_a": {
            "face": "-Z",
            "axis": "z",
            "center_u": -4.76837158203125e-07,
            "width": 3.5,
            "u0": -1.6250004768371582,
            "u1": 1.6249995231628418
          },
          "opening_b": {
            "face": "+Z",
            "axis": "z",
            "center_u": -4.76837158203125e-07,
            "width": 3.5,
            "u0": -1.6250004768371582,
            "u1": 1.6249995231628418
          },
          "quad": [
            [
              -1.7500004768371582,
              -2.6498212152057232,
              -7.499922275543213
            ],
            [
              1.7499995231628418,
              -2.6498212152057232,
              -7.499922275543213
            ],
            [
              1.7499995231628418,
              -2.6498212152057232,
              7.499745845794678
            ],
            [
              -1.7500004768371582,
              -2.6498212152057232,
              7.499745845794678
            ]
          ],
          "faces": [
            [
              -1.7500004768371582,
              -2.6498212152057232,
              -7.499922275543213
            ],
            [
              1.7499995231628418,
              -2.6498212152057232,
              -7.499922275543213
            ],
            [
              1.7499995231628418,
              -2.6498212152057232,
              7.499745845794678
            ],
            [
              -1.7500004768371582,
              -2.6498212152057232,
              -7.499922275543213
            ],
            [
              1.7499995231628418,
              -2.6498212152057232,
              7.499745845794678
            ],
            [
              -1.7500004768371582,
              -2.6498212152057232,
              7.499745845794678
            ]
          ]
        }
      ]
    },
    "lbm_2b": {
      "floor_y": -0.5864515961969601,
      "strips": [
        {
          "axis": "z",
          "floor_y": -0.5864515961969601,
          "width": 4.0,
          "center_u": -1.9073486328125e-06,
          "opening_a": {
            "face": "-Z",
            "axis": "z",
            "center_u": -1.9073486328125e-06,
            "width": 4.0,
            "u0": -1.8750019073486328,
            "u1": 1.8749980926513672
          },
          "opening_b": {
            "face": "+Z",
            "axis": "z",
            "center_u": -1.9073486328125e-06,
            "width": 4.0,
            "u0": -1.8750019073486328,
            "u1": 1.8749980926513672
          },
          "quad": [
            [
              -2.000001907348633,
              -0.5864515961969601,
              -7.499924659729004
            ],
            [
              1.9999980926513672,
              -0.5864515961969601,
              -7.499924659729004
            ],
            [
              1.9999980926513672,
              -0.5864515961969601,
              7.499741077423096
            ],
            [
              -2.000001907348633,
              -0.5864515961969601,
              7.499741077423096
            ]
          ],